country,year,pop,continent,lifeExp,gdpPercap,iso_alpha,iso_num,gini_index_latest,infant_mortality_per_1000_latest,gini_index_year,infant_mortality_per_1000_year
Afghanistan,2007,31889923.0,Asia,43.828,974.5803384,AFG,4.0,,86.8,,2007.0
Albania,2007,3600523.0,Europe,76.423,5937.029526,ALB,8.0,30.6,11.9,2005.0,2007.0
Algeria,2007,33333216.0,Africa,72.301,6223.367465,DZA,12.0,35.3,26.9,1995.0,2007.0
Angola,2007,12420476.0,Africa,42.731,4797.231267,AGO,24.0,51.9,66.0,2000.0,2007.0
Argentina,2007,40301927.0,Americas,75.32,12779.37964,ARG,32.0,46.3,13.6,2007.0,2007.0
Australia,2007,20434176.0,Oceania,81.235,34435.36744,AUS,36.0,33.1,4.5,2004.0,2007.0
Austria,2007,8199783.0,Europe,79.829,36126.4927,AUT,40.0,30.6,3.9,2007.0,2007.0
Bahrain,2007,708573.0,Asia,75.635,29796.04834,BHR,48.0,,8.1,,2007.0
Bangladesh,2007,150448339.0,Asia,64.062,1391.253792,BGD,50.0,33.2,41.8,2005.0,2007.0
Belgium,2007,10392226.0,Europe,79.441,33692.60508,BEL,56.0,29.2,3.9,2007.0,2007.0
Benin,2007,8078314.0,Africa,56.728,1441.284873,BEN,204.0,38.6,67.9,2003.0,2007.0
Bolivia,2007,9119152.0,Americas,65.554,3822.137084,BOL,68.0,54.5,37.7,2007.0,2007.0
Bosnia and Herzegovina,2007,4552198.0,Europe,74.852,7446.298803,BIH,70.0,34.3,6.2,2007.0,2007.0
Botswana,2007,1639131.0,Africa,50.728,12569.85177,BWA,72.0,61.5,50.3,2002.0,2007.0
Brazil,2007,190010647.0,Americas,72.39,9065.800825,BRA,76.0,54.9,18.6,2007.0,2007.0
Bulgaria,2007,7322858.0,Europe,73.005,10680.79282,BGR,100.0,36.1,9.9,2007.0,2007.0
Burkina Faso,2007,14326203.0,Africa,52.295,1217.032994,BFA,854.0,43.3,74.1,2003.0,2007.0
Burundi,2007,8390505.0,Africa,49.58,430.0706916,BDI,108.0,33.4,66.0,2006.0,2007.0
Cambodia,2007,14131858.0,Asia,59.723,1713.778686,KHM,116.0,,46.3,,2007.0
Cameroon,2007,17696293.0,Africa,50.43,2042.09524,CMR,120.0,42.8,69.9,2007.0,2007.0
Canada,2007,33390141.0,Americas,80.653,36319.23501,CAN,124.0,33.8,5.2,2007.0,2007.0
Central African Republic,2007,4369038.0,Africa,44.741,706.016537,CAF,140.0,59.7,85.3,1992.0,2007.0
Chad,2007,10238807.0,Africa,50.651,1704.063724,TCD,148.0,39.8,88.3,2003.0,2007.0
Chile,2007,16284741.0,Americas,78.553,13171.63885,CHL,152.0,47.7,7.6,2006.0,2007.0
China,2007,1318683096.0,Asia,72.961,4959.114854,CHN,156.0,40.9,16.1,2005.0,2007.0
Colombia,2007,44227550.0,Americas,72.889,7006.580419,COL,170.0,53.9,17.7,2005.0,2007.0
Comoros,2007,710960.0,Africa,65.152,986.1478792,COM,174.0,55.9,51.7,2004.0,2007.0
Congo Dem. Rep.,2007,64606759.0,Africa,46.462,277.5518587,,,,,,
Congo Rep.,2007,3800610.0,Africa,55.322,3632.557798,,,,,,
Costa Rica,2007,4133884.0,Americas,78.782,9645.06142,CRI,188.0,49.3,9.5,2007.0,2007.0
Cote d'Ivoire,2007,18013409.0,Africa,48.328,1544.750112,CIV,384.0,41.3,75.3,2002.0,2007.0
Croatia,2007,4493312.0,Europe,75.748,14619.22272,HRV,191.0,29.7,5.3,2004.0,2007.0
Cuba,2007,11416987.0,Americas,78.273,8948.102923,CUB,192.0,,5.2,,2007.0
Czech Republic,2007,10228744.0,Europe,76.486,22833.30851,CZE,203.0,26.0,3.2,2007.0,2007.0
Denmark,2007,5468120.0,Europe,78.332,35278.41874,DNK,208.0,26.2,3.8,2007.0,2007.0
Djibouti,2007,496374.0,Africa,54.791,2082.481567,DJI,262.0,40.0,69.5,2002.0,2007.0
Dominican Republic,2007,9319622.0,Americas,72.235,6025.374752,DOM,214.0,48.9,30.6,2007.0,2007.0
Ecuador,2007,13755680.0,Americas,74.994,6873.262326,ECU,218.0,53.4,18.1,2007.0,2007.0
Egypt,2007,80264543.0,Africa,71.338,5581.180998,EGY,818.0,31.8,30.1,2004.0,2007.0
El Salvador,2007,6939688.0,Americas,71.878,5728.353514,SLV,222.0,45.2,18.1,2007.0,2007.0
Equatorial Guinea,2007,551201.0,Africa,51.579,12154.08975,GNQ,226.0,,83.6,,2007.0
Eritrea,2007,4906585.0,Africa,58.04,641.3695236,ERI,232.0,,40.8,,2007.0
Ethiopia,2007,76511887.0,Africa,52.947,690.8055759,ETH,231.0,29.8,67.7,2004.0,2007.0
Finland,2007,5238460.0,Europe,79.313,33207.0844,FIN,246.0,28.3,2.8,2007.0,2007.0
France,2007,61083916.0,Europe,80.657,30470.0167,FRA,250.0,32.4,3.2,2007.0,2007.0
Gabon,2007,1454867.0,Africa,56.735,13206.48452,GAB,266.0,42.2,41.9,2005.0,2007.0
Gambia,2007,1688359.0,Africa,59.448,752.7497265,GMB,270.0,47.3,57.3,2003.0,2007.0
Germany,2007,82400996.0,Europe,79.406,32170.37442,DEU,276.0,31.2,3.7,2007.0,2007.0
Ghana,2007,22873338.0,Africa,60.022,1327.60891,GHA,288.0,42.8,50.7,2005.0,2007.0
Greece,2007,10706290.0,Europe,79.483,27538.41188,GRC,300.0,34.0,3.5,2007.0,2007.0
Guatemala,2007,12572928.0,Americas,70.259,5186.050003,GTM,320.0,54.5,31.5,2006.0,2007.0
Guinea,2007,9947814.0,Africa,56.007,942.6542111,GIN,324.0,39.4,77.9,2007.0,2007.0
Guinea-Bissau,2007,1472041.0,Africa,46.388,579.231743,GNB,624.0,35.6,78.2,2002.0,2007.0
Haiti,2007,8502814.0,Americas,60.916,1201.637154,HTI,332.0,59.0,59.1,2001.0,2007.0
Honduras,2007,7483763.0,Americas,70.198,3548.330846,HND,340.0,55.8,22.3,2007.0,2007.0
Hong Kong China,2007,6980412.0,Asia,82.208,39724.97867,,,,,,
Hungary,2007,9956108.0,Europe,73.338,18008.94444,HUN,348.0,27.9,5.8,2007.0,2007.0
Iceland,2007,301931.0,Europe,81.757,36180.78919,ISL,352.0,29.5,2.2,2007.0,2007.0
India,2007,1110396331.0,Asia,64.698,2452.210407,IND,356.0,27.7,52.5,2004.0,2007.0
Indonesia,2007,223547000.0,Asia,70.65,3540.651564,IDN,360.0,33.2,30.6,2007.0,2007.0
Iran,2007,69453570.0,Asia,70.964,11605.71449,IRN,364.0,44.8,20.6,2006.0,2007.0
Iraq,2007,27499638.0,Asia,59.545,4471.061906,IRQ,368.0,28.6,33.5,2006.0,2007.0
Ireland,2007,4109086.0,Europe,78.885,40675.99635,IRL,372.0,31.9,3.9,2007.0,2007.0
Israel,2007,6426679.0,Asia,80.745,25523.2771,ISR,376.0,41.1,4.1,2007.0,2007.0
Italy,2007,58147733.0,Europe,80.546,28569.7197,ITA,380.0,32.9,3.6,2007.0,2007.0
Jamaica,2007,2780132.0,Americas,72.567,7320.880262,JAM,388.0,45.5,17.4,2004.0,2007.0
Japan,2007,127467972.0,Asia,82.603,31656.06806,JPN,392.0,,2.6,,2007.0
Jordan,2007,6053193.0,Asia,72.535,4519.461171,JOR,400.0,33.9,18.5,2006.0,2007.0
Kenya,2007,35610177.0,Africa,54.11,1463.249282,KEN,404.0,46.4,45.0,2005.0,2007.0
Korea Dem. Rep.,2007,23301725.0,Asia,67.297,1593.06548,,,,,,
Korea Rep.,2007,49044790.0,Asia,78.623,23348.13973,,,,,,
Kuwait,2007,2505559.0,Asia,77.588,47306.98978,KWT,414.0,,9.6,,2007.0
Lebanon,2007,3921278.0,Asia,71.993,10461.05868,LBN,422.0,,12.3,,2007.0
Lesotho,2007,2012649.0,Africa,42.592,1569.331442,LSO,426.0,51.2,79.0,2002.0,2007.0
Liberia,2007,3193942.0,Africa,45.678,414.5073415,LBR,430.0,36.4,79.8,2007.0,2007.0
Libya,2007,6036914.0,Africa,73.952,12057.49928,LBY,434.0,,15.7,,2007.0
Madagascar,2007,19167654.0,Africa,59.443,1044.770126,MDG,450.0,39.9,50.3,2005.0,2007.0
Malawi,2007,13327079.0,Africa,48.303,759.3499101,MWI,454.0,39.9,59.1,2004.0,2007.0
Malaysia,2007,24821286.0,Asia,74.241,12451.6558,MYS,458.0,44.8,6.5,2006.0,2007.0
Mali,2007,12031795.0,Africa,54.467,1042.581557,MLI,466.0,38.9,83.4,2006.0,2007.0
Mauritania,2007,3270065.0,Africa,64.164,1803.151496,MRT,478.0,40.2,47.2,2004.0,2007.0
Mauritius,2007,1250882.0,Africa,72.801,10956.99112,MUS,480.0,35.7,13.3,2006.0,2007.0
Mexico,2007,108700891.0,Americas,76.195,11977.57496,MEX,484.0,49.7,18.4,2006.0,2007.0
Mongolia,2007,2874127.0,Asia,66.803,3095.772271,MNG,496.0,35.8,26.5,2007.0,2007.0
Montenegro,2007,684736.0,Europe,74.543,9253.896111,MNE,499.0,31.4,7.8,2007.0,2007.0
Morocco,2007,33757175.0,Africa,71.164,3820.17523,MAR,504.0,40.7,33.2,2006.0,2007.0
Mozambique,2007,19951656.0,Africa,42.082,823.6856205,MOZ,508.0,46.9,70.1,2002.0,2007.0
Myanmar,2007,47761980.0,Asia,62.069,944.0,MMR,104.0,,60.5,,2007.0
Namibia,2007,2055080.0,Africa,52.906,4811.060429,NAM,516.0,63.3,41.4,2003.0,2007.0
Nepal,2007,28901790.0,Asia,63.785,1091.359778,NPL,524.0,43.8,45.0,2003.0,2007.0
Netherlands,2007,16570613.0,Europe,79.762,36797.93332,NLD,528.0,29.6,4.1,2007.0,2007.0
New Zealand,2007,4115771.0,Oceania,80.204,25185.00911,NZL,554.0,,5.3,,2007.0
Nicaragua,2007,5675356.0,Americas,72.899,2749.320965,NIC,558.0,48.8,23.3,2005.0,2007.0
Niger,2007,12894865.0,Africa,56.867,619.6768924,NER,562.0,37.3,77.3,2007.0,2007.0
Nigeria,2007,135031164.0,Africa,46.859,2013.977305,NGA,566.0,40.1,75.6,2003.0,2007.0
Norway,2007,4627926.0,Europe,80.196,49357.19017,NOR,578.0,27.1,3.0,2007.0,2007.0
Oman,2007,3204897.0,Asia,75.64,22316.19287,OMN,512.0,,9.9,,2007.0
Pakistan,2007,169270617.0,Asia,65.483,2605.94758,PAK,586.0,29.7,77.3,2007.0,2007.0
Panama,2007,3242173.0,Americas,75.537,9809.185636,PAN,591.0,52.7,16.3,2007.0,2007.0
Paraguay,2007,6667147.0,Americas,71.752,4172.838464,PRY,600.0,53.0,24.5,2007.0,2007.0
Peru,2007,28674757.0,Americas,71.421,7408.905561,PER,604.0,50.0,19.1,2007.0,2007.0
Philippines,2007,91077287.0,Asia,71.688,3190.481016,PHL,608.0,47.2,24.1,2006.0,2007.0
Poland,2007,38518241.0,Europe,75.563,15389.92468,POL,616.0,34.0,6.0,2007.0,2007.0
Portugal,2007,10642836.0,Europe,78.098,20509.64777,PRT,620.0,36.8,3.3,2007.0,2007.0
Puerto Rico,2007,3942491.0,Americas,78.746,19328.70901,PRI,630.0,,,,
Reunion,2007,798094.0,Africa,76.442,7670.122558,REU,638.0,,,,
Romania,2007,22276056.0,Europe,72.476,10808.47561,ROU,642.0,37.5,12.9,2007.0,2007.0
Rwanda,2007,8860588.0,Africa,46.242,863.0884639,RWA,646.0,52.0,53.2,2005.0,2007.0
Sao Tome and Principe,2007,199579.0,Africa,65.528,1598.435089,STP,678.0,32.1,29.6,2000.0,2007.0
Saudi Arabia,2007,27601038.0,Asia,72.777,21654.83194,SAU,682.0,,12.7,,2007.0
Senegal,2007,12267493.0,Africa,63.062,1712.472136,SEN,686.0,39.2,47.3,2005.0,2007.0
Serbia,2007,10150265.0,Europe,74.002,9786.534714,SRB,688.0,28.7,7.1,2007.0,2007.0
Sierra Leone,2007,6144562.0,Africa,42.568,862.5407561,SLE,694.0,40.2,102.3,2003.0,2007.0
Singapore,2007,4553009.0,Asia,79.972,47143.17964,SGP,702.0,,2.3,,2007.0
Slovak Republic,2007,5447502.0,Europe,74.663,18678.31435,SVK,703.0,24.7,6.3,2007.0,2007.0
Slovenia,2007,2009245.0,Europe,77.926,25768.25759,SVN,705.0,24.4,3.1,2007.0,2007.0
Somalia,2007,9118773.0,Africa,48.159,926.1410683,SOM,706.0,,102.5,,2007.0
South Africa,2007,43997828.0,Africa,49.339,9269.657808,ZAF,710.0,65.0,44.0,2005.0,2007.0
Spain,2007,40448191.0,Europe,80.941,28821.0637,ESP,724.0,34.1,3.6,2007.0,2007.0
Sri Lanka,2007,20378239.0,Asia,72.396,3970.095407,LKA,144.0,39.7,10.1,2006.0,2007.0
Sudan,2007,42292929.0,Africa,58.556,2602.394995,SDN,736.0,,58.2,,2007.0
Swaziland,2007,1133066.0,Africa,39.613,4513.480643,SWZ,748.0,53.1,63.7,2000.0,2007.0
Sweden,2007,9031088.0,Europe,80.884,33859.74835,SWE,752.0,27.1,2.7,2007.0,2007.0
Switzerland,2007,7554661.0,Europe,81.701,37506.41907,CHE,756.0,34.3,4.1,2007.0,2007.0
Syria,2007,19314747.0,Asia,74.143,4184.548089,SYR,760.0,40.1,17.6,2006.0,2007.0
Taiwan,2007,23174294.0,Asia,78.4,28718.27684,TWN,158.0,,,,
Tanzania,2007,38139640.0,Africa,52.517,1107.482182,TZA,834.0,40.3,55.5,2007.0,2007.0
Thailand,2007,65068149.0,Asia,70.616,7458.396327,THA,764.0,39.8,13.4,2007.0,2007.0
Togo,2007,5701579.0,Africa,58.42,882.9699438,TGO,768.0,42.2,57.7,2006.0,2007.0
Trinidad and Tobago,2007,1056608.0,Americas,69.819,18008.50924,TTO,780.0,40.2,23.7,1992.0,2007.0
Tunisia,2007,10276158.0,Africa,73.923,7092.923025,TUN,788.0,37.7,17.7,2005.0,2007.0
Turkey,2007,71158647.0,Europe,71.777,8458.276384,TUR,792.0,38.4,17.9,2007.0,2007.0
Uganda,2007,29170398.0,Africa,51.542,1056.380121,UGA,800.0,42.9,58.9,2005.0,2007.0
United Kingdom,2007,60776238.0,Europe,79.425,33203.26128,GBR,826.0,34.4,4.9,2007.0,2007.0
United States,2007,301139947.0,Americas,78.242,42951.65309,USA,840.0,41.1,6.6,2007.0,2007.0
Uruguay,2007,3447496.0,Americas,76.384,10611.46299,URY,858.0,46.4,10.9,2007.0,2007.0
Venezuela,2007,26084662.0,Americas,73.747,11415.80569,VEN,862.0,44.7,14.5,2006.0,2007.0
Vietnam,2007,85262356.0,Asia,74.249,2441.576404,VNM,704.0,35.8,17.6,2006.0,2007.0
West Bank and Gaza,2007,4018332.0,Asia,73.422,3025.349798,PSE,275.0,35.6,21.1,2007.0,2007.0
Yemen Rep.,2007,22211743.0,Asia,62.698,2280.769906,,,,,,
Zambia,2007,11746035.0,Africa,42.384,1271.211593,ZMB,894.0,54.6,54.3,2006.0,2007.0
Zimbabwe,2007,12311143.0,Africa,43.487,469.7092981,ZWE,716.0,,68.8,,2007.0
